Period,Org Code,Parent Org,Org name,A&E attendances Type 1,A&E attendances Type 2,A&E attendances Other A&E Department,A&E attendances Booked Appointments Type 1,A&E attendances Booked Appointments Type 2,A&E attendances Booked Appointments Other Department,Attendances over 4hrs Type 1,Attendances over 4hrs Type 2,Attendances over 4hrs Other Department,Attendances over 4hrs Booked Appointments Type 1,Attendances over 4hrs Booked Appointments Type 2,Attendances over 4hrs Booked Appointments Other Department,Patients who have waited 4-12 hs from DTA to admission,Patients who have waited 12+ hrs from DTA to admission,Emergency admissions via A&E - Type 1,Emergency admissions via A&E - Type 2,Emergency admissions via A&E - Other A&E department,Other emergency admissions
MSitAE-FEBRUARY-2022,AJN,NHS ENGLAND NORTH EAST AND YORKSHIRE ,WORKINGTON HEALTH LIMITED,0,0,301,0,0,0,0,0,0,0,0,0,0,0,0,0,0,0
MSitAE-FEBRUARY-2022,C82038,NHS ENGLAND MIDLANDS ,LATHAM HOUSE MEDICAL PRACTICE,0,0,0,0,0,260,0,0,0,0,0,0,0,0,0,0,0,0
MSitAE-FEBRUARY-2022,8J094,NHS ENGLAND MIDLANDS ,BADGER LTD,0,0,0,0,0,1020,0,0,0,0,0,0,0,0,0,0,0,0
MSitAE-FEBRUARY-2022,C82009,NHS ENGLAND MIDLANDS ,MARKET HARBOROUGH MED.CTR,0,0,0,0,0,269,0,0,0,0,0,0,0,0,0,0,0,0
MSitAE-FEBRUARY-2022,NDJ,NHS ENGLAND SOUTH EAST ,FIRST COMMUNITY HEALTH AND CARE CIC,0,0,1127,0,0,0,0,0,0,0,0,0,0,0,0,0,0,0
MSitAE-FEBRUARY-2022,NQT10,NHS ENGLAND SOUTH EAST ,ASSURA READING LLP,0,0,0,0,0,0,0,0,0,0,0,0,0,0,0,0,0,0
MSitAE-FEBRUARY-2022,NQT5F,NHS ENGLAND NORTH WEST ,SKELMERSDALE WALK IN CENTRE,0,0,1312,0,0,0,0,0,5,0,0,0,0,0,0,0,0,0
MSitAE-FEBRUARY-2022,NQT5H,NHS ENGLAND SOUTH WEST ,PAULTON MEMORIAL HOSPITAL,0,0,524,0,0,0,0,0,6,0,0,0,0,0,0,0,0,0
MSitAE-FEBRUARY-2022,NTP11,NHS ENGLAND SOUTH EAST ,PRACTICE PLUS GROUP HOSPITAL - SOUTHAMPTON,0,0,4584,0,0,0,0,0,14,0,0,0,0,0,0,0,0,0
MSitAE-FEBRUARY-2022,RFF,NHS ENGLAND NORTH EAST AND YORKSHIRE ,BARNSLEY HOSPITAL NHS FOUNDATION TRUST,7384,0,0,417,0,0,2418,0,0,0,0,0,254,0,2218,0,0,463
MSitAE-FEBRUARY-2022,RGP,NHS ENGLAND EAST OF ENGLAND ,JAMES PAGET UNIVERSITY HOSPITALS NHS FOUNDATION TRUST,5325,0,873,126,0,0,2271,0,2,42,0,0,475,341,1393,0,0,409
MSitAE-FEBRUARY-2022,RPC,NHS ENGLAND SOUTH EAST ,QUEEN VICTORIA HOSPITAL NHS FOUNDATION TRUST,0,0,944,0,0,0,0,0,1,0,0,0,0,0,0,0,4,493
MSitAE-FEBRUARY-2022,Y00751,NHS ENGLAND SOUTH EAST ,EAST BERKS PRIMARY CARE OOH(WAM),0,0,0,0,0,0,0,0,0,0,0,0,0,0,0,0,0,0
MSitAE-FEBRUARY-2022,Y02615,NHS ENGLAND MIDLANDS ,SOUTH BIRMINGHAM GP WALK IN CENTRE,0,0,6475,0,0,0,0,0,0,0,0,0,0,0,0,0,0,0
MSitAE-FEBRUARY-2022,Y03007,NHS ENGLAND MIDLANDS ,ERDINGTON GP HEALTH & WELLBEING WIC,0,0,0,0,0,1553,0,0,0,0,0,0,0,0,0,0,0,0
MSitAE-FEBRUARY-2022,Y03218,NHS ENGLAND LONDON,THE PINN UNREGISTERED WIC,0,0,1803,0,0,0,0,0,0,0,0,0,0,0,0,0,0,0
MSitAE-FEBRUARY-2022,C82010,NHS ENGLAND MIDLANDS ,OAKHAM MEDICAL PRACTICE,0,0,164,0,0,0,0,0,0,0,0,0,0,0,0,0,0,0
MSitAE-FEBRUARY-2022,NL7,NHS ENGLAND MIDLANDS ,ASSURA VERTIS URGENT CARE CENTRES (BIRMINGHAM),0,0,3408,0,0,0,0,0,0,0,0,0,0,0,0,0,0,0
MSitAE-FEBRUARY-2022,NQTE4,NHS ENGLAND MIDLANDS ,SUMMERFIELD URGENT CARE CENTRE,0,0,3570,0,0,0,0,0,0,0,0,0,0,0,0,0,0,0
MSitAE-FEBRUARY-2022,NTV0B,NHS ENGLAND SOUTH EAST ,ASHFORD WALK-IN-CENTRE,0,0,2440,0,0,0,0,0,5,0,0,0,0,0,0,0,0,0
MSitAE-FEBRUARY-2022,NTV0W,NHS ENGLAND SOUTH EAST ,WOKING WALK IN CENTRE,0,0,2572,0,0,0,0,0,29,0,0,0,0,0,0,0,0,0
MSitAE-FEBRUARY-2022,RBQ,NHS ENGLAND NORTH WEST ,LIVERPOOL HEART AND CHEST HOSPITAL NHS FOUNDATION TRUST,0,0,0,0,0,0,0,0,0,0,0,0,0,0,0,0,0,201
MSitAE-FEBRUARY-2022,RDY,NHS ENGLAND SOUTH WEST ,DORSET HEALTHCARE UNIVERSITY NHS FOUNDATION TRUST,0,0,0,0,0,0,0,0,0,0,0,0,0,0,0,0,0,0
MSitAE-FEBRUARY-2022,RXQ,NHS ENGLAND SOUTH EAST ,BUCKINGHAMSHIRE HEALTHCARE NHS TRUST,7742,1085,2196,0,0,0,2964,0,14,0,0,0,833,0,3032,641,0,699
MSitAE-FEBRUARY-2022,Y02532,NHS ENGLAND NORTH WEST ,MIRIAM MINOR EMERGENCY,0,0,1541,0,0,0,0,0,0,0,0,0,0,0,0,0,0,0
MSitAE-FEBRUARY-2022,Y02676,NHS ENGLAND SOUTH EAST ,BRIGHTON STATION HEALTH CENTRE,0,0,996,0,0,0,0,0,0,0,0,0,0,0,0,0,0,0
MSitAE-FEBRUARY-2022,AAH,NHS ENGLAND SOUTH WEST ,TETBURY HOSPITAL TRUST LTD,0,0,152,0,0,0,0,0,0,0,0,0,0,0,0,0,0,0
MSitAE-FEBRUARY-2022,RNU,NHS ENGLAND SOUTH EAST ,OXFORD HEALTH NHS FOUNDATION TRUST,0,0,2662,0,0,0,0,0,116,0,0,0,0,0,0,0,0,0
MSitAE-FEBRUARY-2022,RWY,NHS ENGLAND NORTH EAST AND YORKSHIRE ,CALDERDALE AND HUDDERSFIELD NHS FOUNDATION TRUST,12705,0,0,0,0,0,3314,0,0,0,0,0,780,1,2656,0,0,764
MSitAE-FEBRUARY-2022,RXF,NHS ENGLAND NORTH EAST AND YORKSHIRE ,MID YORKSHIRE HOSPITALS NHS TRUST,15595,0,3833,112,0,32,0,0,0,0,0,0,1146,0,3382,0,140,864
MSitAE-FEBRUARY-2022,RXK,NHS ENGLAND MIDLANDS ,SANDWELL AND WEST BIRMINGHAM HOSPITALS NHS TRUST,11666,1052,6135,507,0,0,5619,186,32,24,0,0,1259,2,2891,0,0,424
MSitAE-FEBRUARY-2022,RY8,NHS ENGLAND MIDLANDS ,DERBYSHIRE COMMUNITY HEALTH SERVICES NHS FOUNDATION TRUST,0,0,5690,0,0,93,0,0,0,0,0,0,0,0,0,0,0,0
MSitAE-FEBRUARY-2022,R0B,NHS ENGLAND NORTH EAST AND YORKSHIRE ,SOUTH TYNESIDE AND SUNDERLAND NHS FOUNDATION TRUST,10418,1372,5451,422,0,217,3543,14,185,156,0,11,392,0,3963,24,0,1169
MSitAE-FEBRUARY-2022,RHU,NHS ENGLAND SOUTH EAST ,PORTSMOUTH HOSPITALS UNIVERSITY NATIONAL HEALTH SERVICE TRUST,7445,613,1922,1195,0,213,0,0,0,0,0,0,1537,0,3004,0,2,2391
MSitAE-FEBRUARY-2022,RJZ,NHS ENGLAND LONDON,KING'S COLLEGE HOSPITAL NHS FOUNDATION TRUST,12559,0,7798,150,0,1398,5790,0,668,46,0,769,1511,187,3361,0,0,677
MSitAE-FEBRUARY-2022,RWE,NHS ENGLAND MIDLANDS ,UNIVERSITY HOSPITALS OF LEICESTER NHS TRUST,17961,1464,0,0,0,0,8208,50,0,0,0,0,1630,628,3985,3,0,3087
MSitAE-FEBRUARY-2022,NJS05,NHS ENGLAND MIDLANDS ,LOUGHBOROUGH URGENT CARE CENTRE,0,0,4140,0,0,553,0,0,230,0,0,0,0,0,0,0,0,0
MSitAE-FEBRUARY-2022,NNJ0H,NHS ENGLAND MIDLANDS ,LLR EA - THE MERLYN VAZ HEALTH & SOCIAL CARE CENTRE,0,0,114,0,0,1379,0,0,0,0,0,0,0,0,0,0,0,0
MSitAE-FEBRUARY-2022,NNJ12,NHS ENGLAND MIDLANDS ,MARKET HARBOROUGH,0,0,92,0,0,263,0,0,0,0,0,0,0,0,0,0,0,0
MSitAE-FEBRUARY-2022,NNJ13,NHS ENGLAND MIDLANDS ,MELTON MOWBRAY,0,0,27,0,0,201,0,0,0,0,0,0,0,0,0,0,0,0
MSitAE-FEBRUARY-2022,NNJ14,NHS ENGLAND MIDLANDS ,OADBY,0,0,365,0,0,1822,0,0,0,0,0,0,0,0,0,0,0,0
MSitAE-FEBRUARY-2022,NNJ15,NHS ENGLAND MIDLANDS ,OAKHAM,0,0,31,0,0,341,0,0,0,0,0,0,0,0,0,0,0,0
MSitAE-FEBRUARY-2022,R0D,NHS ENGLAND SOUTH WEST ,UNIVERSITY HOSPITALS DORSET NHS FOUNDATION TRUST,11706,1059,1117,180,0,0,0,0,0,0,0,0,861,52,3336,1,0,1973
MSitAE-FEBRUARY-2022,RAP,NHS ENGLAND LONDON,NORTH MIDDLESEX UNIVERSITY HOSPITAL NHS TRUST,7680,453,6211,707,0,0,3690,15,1026,268,0,0,673,355,1562,0,0,152
MSitAE-FEBRUARY-2022,RQ3,NHS ENGLAND MIDLANDS ,BIRMINGHAM WOMEN'S AND CHILDREN'S NHS FOUNDATION TRUST,4885,0,0,0,0,0,542,0,0,0,0,0,0,0,979,0,0,162
MSitAE-FEBRUARY-2022,RV9,NHS ENGLAND NORTH EAST AND YORKSHIRE ,HUMBER TEACHING NHS FOUNDATION TRUST,0,0,614,0,0,0,0,0,4,0,0,0,0,0,0,0,0,0
MSitAE-FEBRUARY-2022,RVY,NHS ENGLAND NORTH WEST ,SOUTHPORT AND ORMSKIRK HOSPITAL NHS TRUST,6597,0,1981,166,0,0,2157,0,0,0,0,0,615,195,1878,0,0,103
MSitAE-FEBRUARY-2022,Y03051,NHS ENGLAND SOUTH EAST ,HASTINGS MED P & WALKIN,0,0,1089,0,0,0,0,0,0,0,0,0,0,0,0,0,0,0
MSitAE-FEBRUARY-2022,C83023,NHS ENGLAND MIDLANDS ,SLEAFORD MEDICAL GROUP,0,0,431,0,0,0,0,0,0,0,0,0,0,0,0,0,0,2
MSitAE-FEBRUARY-2022,NLX,NHS ENGLAND SOUTH WEST ,SIRONA CARE & HEALTH,0,0,6039,0,0,0,0,0,541,0,0,0,0,0,0,0,0,0
MSitAE-FEBRUARY-2022,R1D,NHS ENGLAND MIDLANDS ,SHROPSHIRE COMMUNITY HEALTH NHS TRUST,0,0,2291,0,0,0,0,0,0,0,0,0,0,0,0,0,0,5
MSitAE-FEBRUARY-2022,RAN,NHS ENGLAND LONDON,ROYAL NATIONAL ORTHOPAEDIC HOSPITAL NHS TRUST,0,0,0,0,0,0,0,0,0,0,0,0,0,0,0,0,0,28
MSitAE-FEBRUARY-2022,RAT,NHS ENGLAND LONDON,NORTH EAST LONDON NHS FOUNDATION TRUST,0,0,2166,0,0,0,0,0,13,0,0,0,0,0,0,0,0,0
MSitAE-FEBRUARY-2022,RBT,NHS ENGLAND NORTH WEST ,MID CHESHIRE HOSPITALS NHS FOUNDATION TRUST,5952,0,1841,102,0,23,3237,0,36,23,0,1,809,61,2345,0,0,732
MSitAE-FEBRUARY-2022,RET,NHS ENGLAND NORTH WEST ,THE WALTON CENTRE NHS FOUNDATION TRUST,0,0,0,0,0,0,0,0,0,0,0,0,0,0,0,0,0,136
MSitAE-FEBRUARY-2022,RFR,NHS ENGLAND NORTH EAST AND YORKSHIRE ,THE ROTHERHAM NHS FOUNDATION TRUST,6771,0,0,319,0,0,0,0,0,0,0,0,485,0,2378,0,0,452
MSitAE-FEBRUARY-2022,RGT,NHS ENGLAND EAST OF ENGLAND ,CAMBRIDGE UNIVERSITY HOSPITALS NHS FOUNDATION TRUST,8750,0,4539,239,0,91,0,0,0,0,0,0,672,227,2468,0,27,551
MSitAE-FEBRUARY-2022,RJN,NHS ENGLAND NORTH WEST ,EAST CHESHIRE NHS TRUST,3760,0,0,58,0,24,1616,0,0,0,0,0,316,68,810,0,0,142
MSitAE-FEBRUARY-2022,RK9,NHS ENGLAND SOUTH WEST ,UNIVERSITY HOSPITALS PLYMOUTH NHS TRUST,6927,140,3090,0,0,119,0,0,0,0,0,0,321,274,2011,0,899,0
MSitAE-FEBRUARY-2022,RLQ,NHS ENGLAND MIDLANDS ,WYE VALLEY NHS TRUST,5154,0,0,148,0,0,1946,0,0,22,0,0,186,252,1250,0,0,313
MSitAE-FEBRUARY-2022,RNZ,NHS ENGLAND SOUTH WEST ,SALISBURY NHS FOUNDATION TRUST,3666,251,1213,146,0,0,1205,0,0,43,0,0,439,0,1217,0,0,648
MSitAE-FEBRUARY-2022,RP6,NHS ENGLAND LONDON,MOORFIELDS EYE HOSPITAL NHS FOUNDATION TRUST,0,4785,0,0,0,0,0,0,0,0,0,0,0,0,0,23,0,139
MSitAE-FEBRUARY-2022,RWP,NHS ENGLAND MIDLANDS ,WORCESTERSHIRE ACUTE HOSPITALS NHS TRUST,10651,0,3818,341,0,24,4584,0,5,95,0,0,934,221,3091,0,0,1123
MSitAE-FEBRUARY-2022,RXG,NHS ENGLAND NORTH EAST AND YORKSHIRE ,SOUTH WEST YORKSHIRE PARTNERSHIP NHS FOUNDATION TRUST,0,0,0,0,0,0,0,0,0,0,0,0,0,0,0,0,0,110
MSitAE-FEBRUARY-2022,RY4,NHS ENGLAND EAST OF ENGLAND ,HERTFORDSHIRE COMMUNITY NHS TRUST,0,0,933,0,0,0,0,0,11,0,0,0,0,0,0,0,0,0
MSitAE-FEBRUARY-2022,RYY,NHS ENGLAND SOUTH EAST ,KENT COMMUNITY HEALTH NHS FOUNDATION TRUST,0,0,4873,0,0,0,0,0,22,0,0,0,0,0,0,0,0,0
MSitAE-FEBRUARY-2022,AC008,NHS ENGLAND NORTH WEST ,ROSSENDALE MINOR INJURIES UNIT,0,0,814,0,0,0,0,0,0,0,0,0,0,0,0,0,0,0
MSitAE-FEBRUARY-2022,ARN03,NHS ENGLAND NORTH EAST AND YORKSHIRE ,LOCAL CARE DIRECT,0,0,1187,0,0,90,0,0,0,0,0,0,0,0,0,0,0,0
MSitAE-FEBRUARY-2022,AXG,NHS ENGLAND SOUTH WEST ,WILTSHIRE HEALTH & CARE,0,0,1606,0,0,39,0,0,13,0,0,0,0,0,0,0,0,0
MSitAE-FEBRUARY-2022,L83087,NHS ENGLAND SOUTH WEST ,OKEHAMPTON MEDICAL CENTRE,0,0,45,0,0,0,0,0,0,0,0,0,0,0,0,0,0,0
MSitAE-FEBRUARY-2022,NNJ,NHS ENGLAND MIDLANDS ,DHU HEALTH CARE C.I.C,0,0,1252,0,0,0,0,0,0,0,0,0,0,0,0,0,0,0
MSitAE-FEBRUARY-2022,NR3,NHS ENGLAND MIDLANDS ,NOTTINGHAM CITYCARE PARTNERSHIP,0,0,4040,0,0,262,0,0,142,0,0,0,0,0,0,0,0,0
MSitAE-FEBRUARY-2022,RA4,NHS ENGLAND SOUTH WEST ,YEOVIL DISTRICT HOSPITAL NHS FOUNDATION TRUST,4585,0,0,0,0,0,629,0,0,0,0,0,59,0,1433,0,0,362
MSitAE-FEBRUARY-2022,RAX,NHS ENGLAND LONDON,KINGSTON HOSPITAL NHS FOUNDATION TRUST,6535,0,2537,207,0,64,2017,0,51,40,0,2,557,148,2303,0,187,441
MSitAE-FEBRUARY-2022,RBK,NHS ENGLAND MIDLANDS ,WALSALL HEALTHCARE NHS TRUST,6713,0,3084,330,0,129,2206,0,46,53,0,0,346,1,2657,0,0,793
MSitAE-FEBRUARY-2022,RBS,NHS ENGLAND NORTH WEST ,ALDER HEY CHILDREN'S NHS FOUNDATION TRUST,5008,0,0,0,0,0,1149,0,0,0,0,0,0,0,1041,0,0,226
MSitAE-FEBRUARY-2022,RDU,NHS ENGLAND SOUTH EAST ,FRIMLEY HEALTH NHS FOUNDATION TRUST,16972,0,0,1863,0,0,0,0,0,0,0,0,1306,2,4281,0,0,1031
MSitAE-FEBRUARY-2022,REP,NHS ENGLAND NORTH WEST ,LIVERPOOL WOMEN'S NHS FOUNDATION TRUST,0,1081,0,0,76,0,0,65,0,0,0,0,0,0,0,84,0,12
MSitAE-FEBRUARY-2022,RHM,NHS ENGLAND SOUTH EAST ,UNIVERSITY HOSPITAL SOUTHAMPTON NHS FOUNDATION TRUST,9412,1226,0,704,0,0,3266,43,0,198,0,0,221,2,2782,12,0,1179
MSitAE-FEBRUARY-2022,RJC,NHS ENGLAND MIDLANDS ,SOUTH WARWICKSHIRE NHS FOUNDATION TRUST,6146,0,0,79,0,0,2001,0,0,21,0,0,274,0,1764,0,0,547
MSitAE-FEBRUARY-2022,RK5,NHS ENGLAND MIDLANDS ,SHERWOOD FOREST HOSPITALS NHS FOUNDATION TRUST,8517,0,4187,28,0,59,1774,0,208,5,0,1,509,41,3188,0,0,332
MSitAE-FEBRUARY-2022,RP5,NHS ENGLAND NORTH EAST AND YORKSHIRE ,DONCASTER AND BASSETLAW TEACHING HOSPITALS NHS FOUNDATION TRUST,11405,0,2997,0,0,0,4191,0,0,0,0,0,993,23,2512,0,432,689
MSitAE-FEBRUARY-2022,RQW,NHS ENGLAND EAST OF ENGLAND ,THE PRINCESS ALEXANDRA HOSPITAL NHS TRUST,8562,0,0,669,0,0,3218,0,0,0,0,0,546,274,1270,0,0,800
MSitAE-FEBRUARY-2022,RRV,NHS ENGLAND LONDON,UNIVERSITY COLLEGE LONDON HOSPITALS NHS FOUNDATION TRUST,10525,0,0,640,0,0,2962,0,0,0,0,0,237,37,1312,0,0,371
MSitAE-FEBRUARY-2022,RTG,NHS ENGLAND MIDLANDS ,UNIVERSITY HOSPITALS OF DERBY AND BURTON NHS FOUNDATION TRUST,13982,0,11495,114,0,55,7772,0,1849,48,0,8,1100,116,3801,0,261,1620
MSitAE-FEBRUARY-2022,RTK,NHS ENGLAND SOUTH EAST ,ASHFORD AND ST PETER'S HOSPITALS NHS FOUNDATION TRUST,8805,0,0,0,0,615,2970,0,0,0,0,30,471,5,1749,0,0,335
MSitAE-FEBRUARY-2022,RTR,NHS ENGLAND NORTH EAST AND YORKSHIRE ,SOUTH TEES HOSPITALS NHS FOUNDATION TRUST,8585,0,4078,0,0,331,3803,0,23,0,0,0,1070,10,2235,0,144,1771
MSitAE-FEBRUARY-2022,RW1,NHS ENGLAND SOUTH EAST ,SOUTHERN HEALTH NHS FOUNDATION TRUST,0,0,1363,0,0,0,0,0,13,0,0,0,0,0,0,0,0,153
MSitAE-FEBRUARY-2022,RXL,NHS ENGLAND NORTH WEST ,BLACKPOOL TEACHING HOSPITALS NHS FOUNDATION TRUST,7641,0,8026,376,0,186,3436,0,6,103,0,2,749,735,2413,0,0,711
MSitAE-FEBRUARY-2022,RXR,NHS ENGLAND NORTH WEST ,EAST LANCASHIRE HOSPITALS NHS TRUST,9507,0,5604,0,0,0,4469,0,307,0,0,0,1050,300,4093,0,11,955
MSitAE-FEBRUARY-2022,RY5,NHS ENGLAND MIDLANDS ,LINCOLNSHIRE COMMUNITY HEALTH SERVICES NHS TRUST,0,0,4961,0,0,0,0,0,96,0,0,0,0,0,0,0,0,0
MSitAE-FEBRUARY-2022,RY7,NHS ENGLAND NORTH WEST ,WIRRAL COMMUNITY HEALTH AND CARE NHS FOUNDATION TRUST,0,0,3056,0,0,0,0,0,22,0,0,0,0,0,0,0,0,0
MSitAE-FEBRUARY-2022,RA7,NHS ENGLAND SOUTH WEST ,UNIVERSITY HOSPITALS BRISTOL AND WESTON NHS FOUNDATION TRUST,12281,1809,0,0,0,0,4880,76,0,0,0,0,796,844,3416,9,0,1486
MSitAE-FEBRUARY-2022,RAS,NHS ENGLAND LONDON,THE HILLINGDON HOSPITALS NHS FOUNDATION TRUST,5112,0,5526,0,0,784,2435,0,183,0,0,21,581,22,1370,0,0,470
MSitAE-FEBRUARY-2022,RBN,NHS ENGLAND NORTH WEST ,ST HELENS AND KNOWSLEY TEACHING HOSPITALS NHS TRUST,8764,0,4327,168,0,0,4462,0,50,29,0,0,339,0,3869,0,0,307
MSitAE-FEBRUARY-2022,RBV,NHS ENGLAND NORTH WEST ,THE CHRISTIE NHS FOUNDATION TRUST,0,0,0,0,0,0,0,0,0,0,0,0,0,0,0,0,0,480
MSitAE-FEBRUARY-2022,RCU,NHS ENGLAND NORTH EAST AND YORKSHIRE ,SHEFFIELD CHILDREN'S NHS FOUNDATION TRUST,4131,0,80,206,0,10,217,0,0,5,0,0,0,0,784,0,0,155
MSitAE-FEBRUARY-2022,REM,NHS ENGLAND NORTH WEST ,LIVERPOOL UNIVERSITY HOSPITALS NHS FOUNDATION TRUST,15675,233,7238,614,0,0,7529,0,0,120,0,0,1529,0,4759,0,0,1392
MSitAE-FEBRUARY-2022,RL1,NHS ENGLAND MIDLANDS ,THE ROBERT JONES AND AGNES HUNT ORTHOPAEDIC HOSPITAL NHS FOUNDATION TRUST,0,0,0,0,0,0,0,0,0,0,0,0,0,0,0,0,0,17
MSitAE-FEBRUARY-2022,RN7,NHS ENGLAND SOUTH EAST ,DARTFORD AND GRAVESHAM NHS TRUST,9253,0,2623,3,0,0,2261,0,1,0,0,0,432,1,2582,0,0,354
MSitAE-FEBRUARY-2022,RNA,NHS ENGLAND MIDLANDS ,THE DUDLEY GROUP NHS FOUNDATION TRUST,8305,0,4146,208,0,888,3066,0,385,39,0,0,649,45,2848,0,0,1508
MSitAE-FEBRUARY-2022,RR7,NHS ENGLAND NORTH EAST AND YORKSHIRE ,GATESHEAD HEALTH NHS FOUNDATION TRUST,4581,0,2646,12,0,18,1710,0,7,3,0,0,815,0,1486,0,0,614
MSitAE-FEBRUARY-2022,RRK,NHS ENGLAND MIDLANDS ,UNIVERSITY HOSPITALS BIRMINGHAM NHS FOUNDATION TRUST,28746,0,570,136,0,0,13276,0,0,51,0,0,4469,87,8539,0,0,4421
MSitAE-FEBRUARY-2022,RTH,NHS ENGLAND SOUTH EAST ,OXFORD UNIVERSITY HOSPITALS NHS FOUNDATION TRUST,9837,1364,392,1194,0,78,3966,0,11,391,0,2,842,1,3195,104,10,3406
MSitAE-FEBRUARY-2022,RTP,NHS ENGLAND SOUTH EAST ,SURREY AND SUSSEX HEALTHCARE NHS TRUST,8896,0,650,52,0,0,2412,0,0,3,0,0,1148,0,2278,0,0,352
MSitAE-FEBRUARY-2022,RVW,NHS ENGLAND NORTH EAST AND YORKSHIRE ,NORTH TEES AND HARTLEPOOL NHS FOUNDATION TRUST,3172,0,8831,0,0,0,0,0,0,0,0,0,171,0,1287,0,500,1892
MSitAE-FEBRUARY-2022,RXP,NHS ENGLAND NORTH EAST AND YORKSHIRE ,COUNTY DURHAM AND DARLINGTON NHS FOUNDATION TRUST,10930,0,3482,0,0,3178,5795,0,0,0,0,0,1643,10,4730,0,0,830
MSitAE-FEBRUARY-2022,RY9,NHS ENGLAND LONDON,HOUNSLOW AND RICHMOND COMMUNITY HEALTHCARE NHS TRUST,0,0,3177,0,0,0,0,0,0,0,0,0,0,0,0,0,0,0
MSitAE-FEBRUARY-2022,Y03571,NHS ENGLAND MIDLANDS ,CORBY URGENT CARE CENTRE,0,0,5818,0,0,468,0,0,44,0,0,0,0,0,0,0,0,0
MSitAE-FEBRUARY-2022,DD401,NHS ENGLAND SOUTH WEST ,EXMOUTH MINOR INJURY UNIT,0,0,864,0,0,8,0,0,0,0,0,0,0,0,0,0,0,0
MSitAE-FEBRUARY-2022,NDA57,NHS ENGLAND SOUTH EAST ,HASLEMERE MINOR INJURIES UNIT,0,0,618,0,0,0,0,0,4,0,0,0,0,0,0,0,0,1
MSitAE-FEBRUARY-2022,NNF09,NHS ENGLAND NORTH EAST AND YORKSHIRE ,BRANSHOLME HEALTH CENTRE,0,0,2935,0,0,0,0,0,297,0,0,0,0,0,0,0,0,0
MSitAE-FEBRUARY-2022,NNF76,NHS ENGLAND NORTH EAST AND YORKSHIRE ,THE WILBERFORCE HEALTH CENTRE,0,0,1849,0,0,0,0,0,0,0,0,0,0,0,0,0,0,0
MSitAE-FEBRUARY-2022,NNF94,NHS ENGLAND NORTH EAST AND YORKSHIRE ,EAST RIDING COMMUNITY HOSPITAL,0,0,2121,0,0,0,0,0,119,0,0,0,0,0,0,0,0,0
MSitAE-FEBRUARY-2022,NNFA7,NHS ENGLAND NORTH EAST AND YORKSHIRE ,GOOLE & DISTRICT HOSPITAL,0,0,1013,0,0,0,0,0,11,0,0,0,0,0,0,0,0,0
MSitAE-FEBRUARY-2022,NTPAD,NHS ENGLAND SOUTH EAST ,PRACTICE PLUS GROUP SURGICAL CENTRE - ST MARYS PORTSMOUTH,0,0,4237,0,0,374,0,0,25,0,0,280,0,0,0,0,0,0
MSitAE-FEBRUARY-2022,R0A,NHS ENGLAND NORTH WEST ,MANCHESTER UNIVERSITY NHS FOUNDATION TRUST,25270,2513,5404,1032,45,2121,12447,53,458,337,0,26,3147,54,7069,36,5,1709
MSitAE-FEBRUARY-2022,R1F,NHS ENGLAND SOUTH EAST ,ISLE OF WIGHT NHS TRUST,2838,0,1692,26,0,42,805,0,0,7,0,0,337,4,1016,0,0,145
MSitAE-FEBRUARY-2022,R1H,NHS ENGLAND LONDON,BARTS HEALTH NHS TRUST,21590,918,15967,0,0,0,8965,12,1348,0,0,0,2983,361,4833,0,0,1233
MSitAE-FEBRUARY-2022,RA2,NHS ENGLAND SOUTH EAST ,ROYAL SURREY COUNTY HOSPITAL NHS FOUNDATION TRUST,5415,0,42,410,0,0,1942,0,2,0,0,0,32,0,2208,0,0,571
MSitAE-FEBRUARY-2022,RA9,NHS ENGLAND SOUTH WEST ,TORBAY AND SOUTH DEVON NHS FOUNDATION TRUST,4391,0,2194,228,0,0,2565,0,4,119,0,0,569,123,1706,0,0,1032
MSitAE-FEBRUARY-2022,RAJ,NHS ENGLAND EAST OF ENGLAND ,MID AND SOUTH ESSEX NHS FOUNDATION TRUST,26063,0,1856,846,0,84,7921,0,100,126,0,6,1696,8,8078,0,220,1151
MSitAE-FEBRUARY-2022,RCB,NHS ENGLAND NORTH EAST AND YORKSHIRE ,YORK AND SCARBOROUGH TEACHING HOSPITALS NHS FOUNDATION TRUST,8345,383,6979,0,0,379,4280,0,231,0,0,4,957,583,3459,3,0,1355
MSitAE-FEBRUARY-2022,RD1,NHS ENGLAND SOUTH WEST ,ROYAL UNITED HOSPITALS BATH NHS FOUNDATION TRUST,6711,0,0,0,0,0,2559,0,0,0,0,0,525,1,2089,0,6,1278
MSitAE-FEBRUARY-2022,RD8,NHS ENGLAND EAST OF ENGLAND ,MILTON KEYNES UNIVERSITY HOSPITAL NHS FOUNDATION TRUST,7163,0,4201,559,0,70,2147,0,36,152,0,0,510,0,1550,0,0,395
MSitAE-FEBRUARY-2022,RDE,NHS ENGLAND EAST OF ENGLAND ,EAST SUFFOLK AND NORTH ESSEX NHS FOUNDATION TRUST,12887,0,7454,99,0,229,5110,0,71,0,0,0,796,4,4087,0,239,1328
MSitAE-FEBRUARY-2022,REF,NHS ENGLAND SOUTH WEST ,ROYAL CORNWALL HOSPITALS NHS TRUST,4317,0,7720,0,0,0,2326,0,221,0,0,0,298,577,1405,0,23,1061
MSitAE-FEBRUARY-2022,RGN,NHS ENGLAND EAST OF ENGLAND ,NORTH WEST ANGLIA NHS FOUNDATION TRUST,10285,0,3927,93,0,399,5503,0,620,0,0,19,710,365,2686,0,50,1351
MSitAE-FEBRUARY-2022,RH5,NHS ENGLAND SOUTH WEST ,SOMERSET NHS FOUNDATION TRUST,5699,0,6756,0,0,6,2458,0,74,0,0,0,419,83,1520,0,0,1025
MSitAE-FEBRUARY-2022,RH8,NHS ENGLAND SOUTH WEST ,ROYAL DEVON AND EXETER NHS FOUNDATION TRUST,6522,0,2579,529,0,45,2939,0,11,217,0,2,550,65,1973,0,0,1580
MSitAE-FEBRUARY-2022,RHQ,NHS ENGLAND NORTH EAST AND YORKSHIRE ,SHEFFIELD TEACHING HOSPITALS NHS FOUNDATION TRUST,8029,763,6179,488,0,962,4355,1,122,266,0,21,1085,2,2907,0,0,2111
MSitAE-FEBRUARY-2022,RJ8,NHS ENGLAND SOUTH WEST ,CORNWALL PARTNERSHIP NHS FOUNDATION TRUST,0,0,0,0,0,0,0,0,0,0,0,0,0,0,0,0,35,42
MSitAE-FEBRUARY-2022,RJL,NHS ENGLAND NORTH EAST AND YORKSHIRE ,NORTHERN LINCOLNSHIRE AND GOOLE NHS FOUNDATION TRUST,11265,0,0,0,0,0,4012,0,0,0,0,0,945,307,3404,0,0,469
MSitAE-FEBRUARY-2022,RKB,NHS ENGLAND MIDLANDS ,UNIVERSITY HOSPITALS COVENTRY AND WARWICKSHIRE NHS TRUST,10219,1578,5817,73,0,53,4849,79,94,32,0,1,1061,5,2754,93,15,1970
MSitAE-FEBRUARY-2022,RKE,NHS ENGLAND LONDON,WHITTINGTON HEALTH NHS TRUST,7990,0,0,0,0,0,1987,0,0,0,0,0,437,17,996,0,0,76
MSitAE-FEBRUARY-2022,RL4,NHS ENGLAND MIDLANDS ,THE ROYAL WOLVERHAMPTON NHS TRUST,11400,0,5122,74,0,956,3179,0,185,0,0,5,1027,41,5012,0,0,739
MSitAE-FEBRUARY-2022,RM1,NHS ENGLAND EAST OF ENGLAND ,NORFOLK AND NORWICH UNIVERSITY HOSPITALS NHS FOUNDATION TRUST,8913,0,6601,473,0,0,5010,0,0,207,0,0,1013,299,1988,0,0,1269
MSitAE-FEBRUARY-2022,RM3,NHS ENGLAND NORTH WEST ,NORTHERN CARE ALLIANCE NHS FOUNDATION TRUST,21721,0,4306,0,0,0,9984,0,126,0,0,0,1912,441,5582,0,235,1393
MSitAE-FEBRUARY-2022,RMC,NHS ENGLAND NORTH WEST ,BOLTON NHS FOUNDATION TRUST,8468,0,1265,192,0,47,3437,0,88,71,0,0,670,113,1910,0,23,668
MSitAE-FEBRUARY-2022,RN5,NHS ENGLAND SOUTH EAST ,HAMPSHIRE HOSPITALS NHS FOUNDATION TRUST,9841,0,175,40,0,245,3159,0,0,4,0,0,834,2,3134,0,0,860
MSitAE-FEBRUARY-2022,RNN,NHS ENGLAND NORTH EAST AND YORKSHIRE ,NORTH CUMBRIA INTEGRATED CARE NHS FOUNDATION TRUST,7209,0,1373,173,0,2,2677,0,2,34,0,0,701,340,1891,0,0,651
MSitAE-FEBRUARY-2022,RNS,NHS ENGLAND MIDLANDS ,NORTHAMPTON GENERAL HOSPITAL NHS TRUST,7705,673,1445,223,0,83,3358,2,0,59,0,0,401,394,1639,0,0,1405
MSitAE-FEBRUARY-2022,RQM,NHS ENGLAND LONDON,CHELSEA AND WESTMINSTER HOSPITAL NHS FOUNDATION TRUST,16069,0,8317,613,0,0,0,0,0,0,0,0,757,15,2328,0,0,312
MSitAE-FEBRUARY-2022,RQX,NHS ENGLAND LONDON,HOMERTON UNIVERSITY HOSPITAL NHS FOUNDATION TRUST,8830,0,0,286,0,0,1146,0,0,0,0,0,137,5,1578,0,0,151
MSitAE-FEBRUARY-2022,RR8,NHS ENGLAND NORTH EAST AND YORKSHIRE ,LEEDS TEACHING HOSPITALS NHS TRUST,15256,0,8653,542,0,19,6642,0,0,171,0,0,1868,140,3422,0,0,971
MSitAE-FEBRUARY-2022,RRF,NHS ENGLAND NORTH WEST ,"WRIGHTINGTON, WIGAN AND LEIGH NHS FOUNDATION TRUST",7487,0,3841,0,0,0,3444,0,19,0,0,0,916,52,1965,0,0,428
MSitAE-FEBRUARY-2022,RTD,NHS ENGLAND NORTH EAST AND YORKSHIRE ,THE NEWCASTLE UPON TYNE HOSPITALS NHS FOUNDATION TRUST,10998,1417,5044,0,0,537,2529,63,0,0,0,0,116,0,3151,15,1,2126
MSitAE-FEBRUARY-2022,RTE,NHS ENGLAND SOUTH WEST ,GLOUCESTERSHIRE HOSPITALS NHS FOUNDATION TRUST,10179,0,0,365,0,0,4244,0,0,120,0,0,515,394,2393,0,0,1025
MSitAE-FEBRUARY-2022,RTF,NHS ENGLAND NORTH EAST AND YORKSHIRE ,NORTHUMBRIA HEALTHCARE NHS FOUNDATION TRUST,7753,0,8773,0,0,0,1059,0,87,0,0,0,0,0,4584,0,24,825
MSitAE-FEBRUARY-2022,RTQ,NHS ENGLAND SOUTH WEST ,GLOUCESTERSHIRE HEALTH AND CARE NHS FOUNDATION TRUST,0,0,3328,0,0,0,0,0,15,0,0,0,0,0,0,0,0,8
MSitAE-FEBRUARY-2022,RTX,NHS ENGLAND NORTH WEST ,UNIVERSITY HOSPITALS OF MORECAMBE BAY NHS FOUNDATION TRUST,7272,0,1907,254,0,36,2628,0,40,46,0,2,561,268,2097,0,17,874
MSitAE-FEBRUARY-2022,RW4,NHS ENGLAND NORTH WEST ,MERSEY CARE NHS FOUNDATION TRUST,0,0,10103,0,0,78,0,0,71,0,0,0,0,0,0,0,0,127
MSitAE-FEBRUARY-2022,RWA,NHS ENGLAND NORTH EAST AND YORKSHIRE ,HULL UNIVERSITY TEACHING HOSPITALS NHS TRUST,8683,0,0,0,0,0,4302,0,0,0,0,0,1237,51,2199,0,0,1185
MSitAE-FEBRUARY-2022,RWD,NHS ENGLAND MIDLANDS ,UNITED LINCOLNSHIRE HOSPITALS NHS TRUST,10160,0,5263,11,0,0,5437,0,553,2,0,0,1389,637,3516,0,0,955
MSitAE-FEBRUARY-2022,RWF,NHS ENGLAND SOUTH EAST ,MAIDSTONE AND TUNBRIDGE WELLS NHS TRUST,14003,0,2132,0,0,0,2940,0,2,0,0,0,0,2,4256,0,0,836
MSitAE-FEBRUARY-2022,RWG,NHS ENGLAND EAST OF ENGLAND ,WEST HERTFORDSHIRE TEACHING HOSPITALS NHS TRUST,6540,0,5422,0,0,1065,4287,0,565,0,0,8,1172,0,2646,0,0,858
MSitAE-FEBRUARY-2022,RWH,NHS ENGLAND EAST OF ENGLAND ,EAST AND NORTH HERTFORDSHIRE NHS TRUST,8789,0,4828,103,0,295,4569,0,1,37,0,0,373,19,2447,0,0,222
MSitAE-FEBRUARY-2022,RWW,NHS ENGLAND NORTH WEST ,WARRINGTON AND HALTON TEACHING HOSPITALS NHS FOUNDATION TRUST,6479,0,2207,319,0,99,2831,0,35,83,0,0,1260,68,1784,0,0,199
MSitAE-FEBRUARY-2022,RX1,NHS ENGLAND MIDLANDS ,NOTTINGHAM UNIVERSITY HOSPITALS NHS TRUST,13661,1492,156,443,0,0,0,0,0,0,0,0,847,535,3096,0,0,3540
MSitAE-FEBRUARY-2022,RXC,NHS ENGLAND SOUTH EAST ,EAST SUSSEX HEALTHCARE NHS TRUST,8186,0,1105,847,0,1035,2960,0,39,0,0,0,240,0,3283,0,0,569
MSitAE-FEBRUARY-2022,RXN,NHS ENGLAND NORTH WEST ,LANCASHIRE TEACHING HOSPITALS NHS FOUNDATION TRUST,5804,0,6676,51,0,251,2710,0,216,29,0,14,1047,45,2158,0,413,1024
MSitAE-FEBRUARY-2022,RYG,NHS ENGLAND MIDLANDS ,COVENTRY AND WARWICKSHIRE PARTNERSHIP NHS TRUST,0,0,0,0,0,0,0,0,0,0,0,0,0,0,0,0,11,54
MSitAE-FEBRUARY-2022,RYJ,NHS ENGLAND LONDON,IMPERIAL COLLEGE HEALTHCARE NHS TRUST,11856,3379,5663,0,0,0,0,0,0,0,0,0,1247,146,2442,0,0,1010
MSitAE-FEBRUARY-2022,AQN04,NHS ENGLAND SOUTH EAST ,PHL LYMINGTON UTC,0,0,1420,0,0,59,0,0,10,0,0,0,0,0,0,0,0,0
MSitAE-FEBRUARY-2022,RAL,NHS ENGLAND LONDON,ROYAL FREE LONDON NHS FOUNDATION TRUST,19407,0,3642,0,0,0,7349,0,3,0,0,0,1201,230,3153,0,0,444
MSitAE-FEBRUARY-2022,RCF,NHS ENGLAND NORTH EAST AND YORKSHIRE ,AIREDALE NHS FOUNDATION TRUST,5079,269,0,154,0,0,2069,0,0,0,0,0,2,2,1376,0,0,501
MSitAE-FEBRUARY-2022,RDR,NHS ENGLAND SOUTH EAST ,SUSSEX COMMUNITY NHS FOUNDATION TRUST,0,0,8318,0,0,0,0,0,49,0,0,0,0,0,0,0,0,0
MSitAE-FEBRUARY-2022,RJ1,NHS ENGLAND LONDON,GUY'S AND ST THOMAS' NHS FOUNDATION TRUST,11179,566,3073,0,0,362,2868,0,0,0,0,0,53,29,3149,0,0,852
MSitAE-FEBRUARY-2022,RJ2,NHS ENGLAND LONDON,LEWISHAM AND GREENWICH NHS TRUST,12274,0,8704,226,0,474,4123,0,945,40,0,101,1266,244,3547,0,0,893
MSitAE-FEBRUARY-2022,RJ6,NHS ENGLAND LONDON,CROYDON HEALTH SERVICES NHS TRUST,10606,0,3032,71,0,0,3016,0,0,19,0,0,348,233,915,0,0,278
MSitAE-FEBRUARY-2022,RJ7,NHS ENGLAND LONDON,ST GEORGE'S UNIVERSITY HOSPITALS NHS FOUNDATION TRUST,9392,0,1085,870,0,0,2901,0,0,156,0,0,396,387,2211,0,0,717
MSitAE-FEBRUARY-2022,RMP,NHS ENGLAND NORTH WEST ,TAMESIDE AND GLOSSOP INTEGRATED CARE NHS FOUNDATION TRUST,6977,0,1695,257,0,0,2873,0,0,0,0,0,738,92,1842,0,0,443
MSitAE-FEBRUARY-2022,RN3,NHS ENGLAND SOUTH WEST ,GREAT WESTERN HOSPITALS NHS FOUNDATION TRUST,4652,0,3359,0,0,512,1882,0,100,0,0,5,342,77,1774,0,0,1414
MSitAE-FEBRUARY-2022,RNQ,NHS ENGLAND MIDLANDS ,KETTERING GENERAL HOSPITAL NHS FOUNDATION TRUST,7488,0,0,419,0,0,0,0,0,0,0,0,836,0,1754,0,0,168
MSitAE-FEBRUARY-2022,RVJ,NHS ENGLAND SOUTH WEST ,NORTH BRISTOL NHS TRUST,7009,0,0,325,0,0,3417,0,0,138,0,0,572,367,2475,0,0,1625
MSitAE-FEBRUARY-2022,RVR,NHS ENGLAND LONDON,EPSOM AND ST HELIER UNIVERSITY HOSPITALS NHS TRUST,11395,254,204,782,1,0,2541,0,0,92,0,0,854,86,1755,2,0,117
MSitAE-FEBRUARY-2022,RVV,NHS ENGLAND SOUTH EAST ,EAST KENT HOSPITALS UNIVERSITY NHS FOUNDATION TRUST,15031,0,3315,552,0,428,5344,0,0,70,0,0,1493,173,4403,0,353,1335
MSitAE-FEBRUARY-2022,RWJ,NHS ENGLAND NORTH WEST ,STOCKPORT NHS FOUNDATION TRUST,8188,0,0,268,0,0,2969,0,0,74,0,0,1108,9,2570,0,0,697
MSitAE-FEBRUARY-2022,RWX,NHS ENGLAND SOUTH EAST ,BERKSHIRE HEALTHCARE NHS FOUNDATION TRUST,0,0,1235,0,0,0,0,0,6,0,0,0,0,0,0,0,25,0
MSitAE-FEBRUARY-2022,RXW,NHS ENGLAND MIDLANDS ,THE SHREWSBURY AND TELFORD HOSPITAL NHS TRUST,9255,0,1584,59,0,163,4780,0,85,18,0,3,1888,336,2637,0,51,1664
MSitAE-FEBRUARY-2022,RY2,NHS ENGLAND NORTH WEST ,BRIDGEWATER COMMUNITY HEALTHCARE NHS FOUNDATION TRUST,0,0,3742,0,0,83,0,0,153,0,0,3,0,0,0,0,0,0
MSitAE-FEBRUARY-2022,RPA,NHS ENGLAND SOUTH EAST ,MEDWAY NHS FOUNDATION TRUST,6801,0,5513,545,0,1236,2493,0,792,111,0,0,811,25,2306,0,0,1045
MSitAE-FEBRUARY-2022,RYX,NHS ENGLAND LONDON,CENTRAL LONDON COMMUNITY HEALTHCARE NHS TRUST,0,0,4529,0,0,0,0,0,12,0,0,0,0,0,0,0,0,0
MSitAE-FEBRUARY-2022,DT301,NHS ENGLAND EAST OF ENGLAND ,HERTS URGENT CARE (ASCOTS LANE),0,0,1919,0,0,0,0,0,3,0,0,0,0,0,0,0,0,0
MSitAE-FEBRUARY-2022,M85813,NHS ENGLAND MIDLANDS ,BIRMINGHAM WIC,0,0,0,0,0,1638,0,0,0,0,0,0,0,0,0,0,0,0
MSitAE-FEBRUARY-2022,RJR,NHS ENGLAND NORTH WEST ,COUNTESS OF CHESTER HOSPITAL NHS FOUNDATION TRUST,6021,0,521,0,0,0,2288,0,0,0,0,0,588,0,1378,0,0,867
MSitAE-FEBRUARY-2022,Y02147,NHS ENGLAND LONDON,URGENT CARE CENTRE (QMS),0,0,6402,0,0,458,0,0,177,0,0,5,0,0,0,0,0,0
MSitAE-FEBRUARY-2022,RHW,NHS ENGLAND SOUTH EAST ,ROYAL BERKSHIRE NHS FOUNDATION TRUST,9611,1961,0,916,0,0,3141,54,0,0,0,0,503,0,2655,3,0,855
MSitAE-FEBRUARY-2022,RYF,NHS ENGLAND SOUTH WEST ,SOUTH WESTERN AMBULANCE SERVICE NHS FOUNDATION TRUST,0,0,1415,0,0,178,0,0,31,0,0,2,0,0,0,0,0,0
MSitAE-FEBRUARY-2022,R1K,NHS ENGLAND LONDON,LONDON NORTH WEST UNIVERSITY HEALTHCARE NHS TRUST,10585,0,14159,261,0,0,4577,0,1204,105,0,0,1385,21,4898,0,0,1385
MSitAE-FEBRUARY-2022,RAE,NHS ENGLAND NORTH EAST AND YORKSHIRE ,BRADFORD TEACHING HOSPITALS NHS FOUNDATION TRUST,9793,0,907,0,0,0,2612,0,8,0,0,0,849,2,2519,0,23,1310
MSitAE-FEBRUARY-2022,RCD,NHS ENGLAND NORTH EAST AND YORKSHIRE ,HARROGATE AND DISTRICT NHS FOUNDATION TRUST,3919,0,553,83,0,40,1562,0,0,30,0,0,272,37,944,0,0,305
MSitAE-FEBRUARY-2022,RJE,NHS ENGLAND MIDLANDS ,UNIVERSITY HOSPITALS OF NORTH MIDLANDS NHS TRUST,11393,377,6256,722,0,107,6475,0,140,340,0,2,893,723,4727,0,0,2291
MSitAE-FEBRUARY-2022,RBL,NHS ENGLAND NORTH WEST ,WIRRAL UNIVERSITY TEACHING HOSPITAL NHS FOUNDATION TRUST,6960,0,1952,190,0,170,3351,0,14,60,0,1,519,7,2004,0,0,1446
MSitAE-FEBRUARY-2022,RGR,NHS ENGLAND EAST OF ENGLAND ,WEST SUFFOLK NHS FOUNDATION TRUST,6086,0,333,91,0,0,0,0,0,0,0,0,378,45,1639,0,0,505
MSitAE-FEBRUARY-2022,RYR,NHS ENGLAND SOUTH EAST ,UNIVERSITY HOSPITALS SUSSEX NHS FOUNDATION TRUST,15921,1255,6599,1874,0,139,7388,4,1817,616,0,2,1542,337,5459,34,471,1343
MSitAE-FEBRUARY-2022,AD913,NHS ENGLAND LONDON,BECKENHAM BEACON UCC,0,0,3197,0,0,171,0,0,86,0,0,8,0,0,0,0,0,0
MSitAE-FEBRUARY-2022,RC9,NHS ENGLAND EAST OF ENGLAND ,BEDFORDSHIRE HOSPITALS NHS FOUNDATION TRUST,14472,0,4036,0,0,482,0,0,0,0,0,0,85,4,4027,0,0,1196
MSitAE-FEBRUARY-2022,RLT,NHS ENGLAND MIDLANDS ,GEORGE ELIOT HOSPITAL NHS TRUST,5158,0,1261,267,0,255,1288,0,20,0,0,0,409,0,1248,0,0,72
MSitAE-FEBRUARY-2022,G82071,NHS ENGLAND SOUTH EAST ,WHITSTABLE MEDICAL PRACTICE,0,0,2952,0,0,0,0,0,0,0,0,0,0,0,0,0,0,0
MSitAE-FEBRUARY-2022,Y04538,NHS ENGLAND SOUTH EAST ,BRACKNELL URGENT CARE CENTRE WIC,0,0,2077,0,0,0,0,0,0,0,0,0,0,0,0,0,0,0
MSitAE-FEBRUARY-2022,Y02428,NHS ENGLAND EAST OF ENGLAND ,PUTNOE MEDICAL CENTRE WALK IN CENTRE,0,0,1286,0,0,0,0,0,0,0,0,0,0,0,0,0,0,0
MSitAE-FEBRUARY-2022,RBD,NHS ENGLAND SOUTH WEST ,DORSET COUNTY HOSPITAL NHS FOUNDATION TRUST,3592,0,0,204,0,1111,1690,0,0,39,0,0,54,11,1234,0,0,308
MSitAE-FEBRUARY-2022,RFS,NHS ENGLAND MIDLANDS ,CHESTERFIELD ROYAL HOSPITAL NHS FOUNDATION TRUST,2293,0,4894,106,0,153,679,0,628,18,0,9,221,0,2147,0,418,571
MSitAE-FEBRUARY-2022,RF4,NHS ENGLAND LONDON,"BARKING, HAVERING AND REDBRIDGE UNIVERSITY HOSPITALS NHS TRUST",11595,2063,10081,0,0,0,8425,411,507,0,0,0,856,732,3505,0,0,614
MSitAE-FEBRUARY-2022,RCX,NHS ENGLAND EAST OF ENGLAND ,"THE QUEEN ELIZABETH HOSPITAL, KING'S LYNN, NHS FOUNDATION TRUST",5943,0,0,119,0,0,2331,0,0,93,0,0,1379,37,2212,0,0,511
MSitAE-FEBRUARY-2022,RBZ,NHS ENGLAND SOUTH WEST ,NORTHERN DEVON HEALTHCARE NHS TRUST,3643,0,0,268,0,0,1072,0,0,31,0,0,338,22,944,0,0,392
TOTAL,TOTAL,TOTAL,TOTAL,1173861,37848,546685,31959,122,34888,406182,1128,19104,5997,0,1376,98506,16402,334835,1087,5275,118755
